<?xml version="1.0" encoding="UTF-8"?>
<project-private xmlns="http://www.netbeans.org/ns/project-private/1">
    <editor-bookmarks xmlns="http://www.netbeans.org/ns/editor-bookmarks/2" lastBookmarkId="0"/>
    <open-files xmlns="http://www.netbeans.org/ns/projectui-open-files/2">
        <group>
            <file>file:/D:/Trinh/study/Java/Lich/src/lich/Email.java</file>
            <file>file:/D:/Trinh/study/Java/Lich/src/lich/GiaoDienCongViec.java</file>
            <file>file:/D:/Trinh/study/Java/Lich/src/lich/Test.java</file>
            <file>file:/D:/Trinh/study/Java/Lich/src/lich/lich.java</file>
            <file>file:/D:/Trinh/study/Java/Lich/src/lich/GiaoDienLich.java</file>
            <file>file:/D:/Trinh/study/Java/Lich/src/lich/DBCongViec.java</file>
            <file>file:/D:/Trinh/study/Java/Lich/src/lich/GiaoDienEmail.java</file>
            <file>file:/D:/Trinh/study/Java/Lich/src/lich/DBEmail.java</file>
            <file>file:/D:/Trinh/study/Java/Lich/src/lich/GiaoDienThemUser.java</file>
        </group>
    </open-files>
</project-private>
